{"cameraMode":{"drawMode":0,"name":"Shaded","section":"Shading Mode"},"sceneLighting":true,"audioPlay":false,"sceneViewState":{"m_AlwaysRefresh":false,"showFog":true,"showSkybox":true,"showFlares":true,"showImageEffects":true,"showParticleSystems":true,"showVisualEffectGraphs":true,"m_FxEnabled":true},"in2DMode":false,"pivot":{"x":65.44400024414063,"y":3.125999927520752,"z":0.35100001096725466},"rotation":{"x":-0.10063249617815018,"y":-0.011345535516738892,"z":0.0011530270567163826,"w":-0.9948671460151672},"size":3.514838457107544,"orthographic":false}